1,arshadc,24,male
2,arshadw,25,female
3,arshadg,26,male
4,arshadm,24,female
5,arshadf,25,male
6,arshads,26,female
7,arshadl,24,male
8,arshadq,25,female
9,arshadj,26,male
10,arshadn,24,female
11,arshadf,25,male
12,arshady,26,female
13,arshadi,24,male
14,arshadj,25,female
15,arshadl,26,male
16,arshadj,24,female
17,arshadf,25,male
18,arshady,26,female
19,arshadi,24,male
20,arshadq,25,female
21,arshady,26,male
22,arshadl,24,female
23,arshads,25,male
24,arshady,26,female
25,arshadb,24,male
26,arshadn,25,female
27,arshadh,26,male
28,arshadi,24,female
29,arshadv,25,male
30,arshadv,26,female
